id,fc_approach_1
1,1
14,1
20,1
23,0
25,1
28,1
34,1
38,1
41,0
44,1
48,0
50,1
55,1
61,0
64,0
65,0
67,0
68,1
73,0
74,0
80,0
81,0
82,0
83,1
86,1
91,0
93,1
98,1
102,0
105,0
109,0
114,0
117,0
121,1
129,1
130,1
132,0
133,0
135,1
137,0
138,0
144,1
145,1
146,0
156,0
157,1
158,0
159,0
160,0
174,1
175,0
178,1
190,0
191,0
195,0
204,0
208,1
213,0
216,1
222,1
225,1
242,1
243,1
244,0
247,1
252,1
253,1
256,0
260,0
262,1
263,0
264,0
267,0
276,1
279,0
280,0
294,0
296,0
297,0
307,0
309,0
314,0
315,0
322,1
327,0
329,0
330,0
332,1
340,0
341,1
348,1
352,1
353,1
356,0
358,0
361,0
365,0
370,0
380,1
383,1
386,0
389,0
396,0
407,0
419,1
424,0
426,0
427,0
429,0
436,0
437,0
445,0
450,0
451,0
459,0
463,0
465,0
467,0
468,0
469,0
470,0
471,0
479,0
480,0
481,1
483,0
486,0
493,0
496,0
498,0
501,0
503,0
509,0
526,0
531,0
535,0
540,1
543,0
546,1
550,1
560,1
568,1
578,0
588,1
592,1
600,0
603,0
604,1
607,0
609,1
611,0
612,0
615,1
617,0
622,0
625,1
630,0
631,0
635,1
636,0
637,0
642,0
644,0
646,0
649,0
655,1
656,0
660,1
667,1
672,0
677,1
679,0
681,0
682,1
683,1
686,0
688,0
689,0
702,0
704,0
705,0
712,1
719,0
720,0
725,1
726,0
728,0
730,1
731,1
735,0
737,1
748,0
762,1
770,0
775,0
777,0
779,1
783,1
790,0
791,0
796,1
797,0
798,0
799,0
802,0
803,0
804,0
807,0
810,0
815,0
817,0
829,1
834,1
835,1
843,1
845,1
846,1
851,1
856,1
866,0
867,1
870,1
873,1
874,0
882,0
884,1
893,1
895,1
898,0
899,0
902,1
921,0
929,0
930,1
931,0
944,0
946,1
947,0
957,0
960,0
971,1
977,0
978,1
979,0
983,1
984,0
985,0
996,0
998,0
999,0
1002,0
1009,0
1018,0
1020,0
1024,0
1026,0
1029,0
1042,0
1045,0
1054,0
1061,0
1062,0
1066,0
1067,0
1073,0
1074,0
1078,0
1079,0
1080,0
1083,0
1084,0
1090,0
1091,0
1102,0
1104,0
1105,0
1106,0
1119,0
1123,0
1134,0
1139,0
1141,0
1143,0
1152,1
1156,0
1157,0
1160,0
1168,0
1173,0
1174,0
1175,1
1177,0
1178,0
1179,0
1204,0
1211,0
1212,0
1213,0
1217,0
1222,0
1224,0
1227,0
1228,0
1234,0
1238,0
1240,0
1243,0
1249,0
1250,0
1251,1
1271,0
1273,0
1275,0
1276,0
1287,0
1293,0
1297,0
1305,1
1307,0
1312,0
1315,0
1318,0
1324,1
1334,0
1341,0
1343,0
1348,0
1349,0
1354,0
1361,0
1372,0
1379,0
1384,0
1385,0
1389,0
1394,0
1395,0
1399,0
1402,0
1405,0
1414,0
1415,0
1420,0
1421,0
1444,0
1447,0
1448,0
1454,0
1455,0
1458,0
1464,0
1466,0
1477,0
1479,0
1482,0
1484,0
1486,0
1487,0
1491,0
1498,0
1499,0
1500,0
1504,0
1505,0
1507,0
1508,0
1510,0
1513,0
1514,0
1518,0
1524,0
1525,0
1526,0
1532,1
1549,0
1553,0
1554,0
1558,0
1559,0
1567,0
1568,0
1570,0
1572,0
1575,1
1577,0
1582,1
1587,0
1593,1
1595,1
1601,0
1602,0
1605,0
1609,0
1614,0
1617,0
1626,0
1627,0
1646,1
1648,1
1654,1
1661,1
1669,1
1672,0
1675,1
1684,0
1687,0
1689,1
1690,0
1691,0
1692,1
1693,1
1701,1
1703,1
1707,1
1710,1
1718,0
1719,0
1720,0
1721,1
1723,0
1725,0
1727,0
1731,0
1741,0
1744,0
1747,0
1753,0
1757,0
1759,1
1760,0
1762,1
1763,1
1766,1
1767,1
1776,1
1790,1
1792,1
1807,1
1809,1
1816,1
1817,1
1821,0
1827,0
1834,0
1840,0
1841,0
1847,0
1857,0
1869,0
1870,1
1875,0
1877,0
1882,1
1886,0
1892,0
1899,0
1901,0
1909,0
1910,0
1911,0
1914,0
1919,1
1921,1
1929,0
1937,0
1938,1
1942,0
1943,0
1945,0
1951,0
1952,1
1953,0
1955,1
1959,1
1962,1
1965,0
1969,0
1975,1
1976,1
1979,1
1980,1
1981,1
1983,1
1989,1
1994,1
1996,1
2010,0
2016,0
2017,0
2020,0
2023,0
2027,0
2028,0
2031,1
2035,1
2036,1
2038,0
2040,1
2043,1
2047,1
2049,1
2050,0
2055,0
2057,1
2058,0
2061,0
2063,1
2068,1
2071,0
2074,1
2081,0
2084,0
2091,0
2094,0
2095,0
2097,0
2113,1
2115,0
2116,1
2119,1
2128,1
2133,1
2138,0
2141,0
2144,1
2145,0
2148,0
2158,0
2160,0
2161,1
2164,1
2169,1
2172,1
2175,0
2177,1
2181,1
2183,1
2186,0
2188,1
2189,1
2194,0
2215,1
2217,1
2219,1
2222,1
2230,0
2231,1
2233,1
2239,0
2242,1
2244,0
2248,1
2250,1
2251,1
2255,0
2256,0
2257,0
2260,0
2262,0
2266,0
2275,0
2279,0
2281,0
2284,0
2289,1
2300,0
2303,0
2308,0
2309,0
2318,0
2321,1
2327,0
2329,1
2333,0
2334,1
2336,0
2337,0
2340,0
2346,1
2354,0
2358,0
2361,1
2373,0
2382,1
2385,0
2387,0
2391,0
2394,0
2399,0
2406,0
2408,0
2412,0
2413,0
2414,0
2415,1
2420,0
2428,1
2445,0
2446,1
2454,1
2456,0
2457,0
2458,1
2462,0
2466,1
2479,0
2482,0
2483,1
2489,0
2491,1
2492,0
2493,1
2494,0
2496,1
2501,1
2505,0
2506,0
2508,0
2510,0
2514,0
2515,1
2523,0
2524,0
2527,0
2530,0
2532,0
2538,0
2541,0
2546,1
2548,0
2557,1
2559,0
2560,1
2564,1
2568,0
2569,0
2570,0
2572,0
2575,0
2588,1
2591,0
2593,0
2597,0
2603,0
2611,0
2616,0
2631,1
2633,1
2635,1
2640,0
2644,0
2645,0
2651,0
2660,0
2661,0
2671,0
2672,0
2673,0
2676,0
2679,0
2683,0
2687,0
2688,0
2689,1
2691,0
2695,0
2700,0
2701,0
2702,0
2703,0
2706,0
2709,0
2714,0
2720,0
2724,0
2725,0
2728,0
2733,0
2739,0
2752,0
2756,0
2757,0
2759,0
2760,1
2763,0
2765,0
2769,0
2771,0
2782,0
2783,0
2788,0
2792,0
2796,0
2808,1
2813,0
2817,0
2825,0
2827,1
2828,1
2829,0
2830,0
2836,0
2838,0
2839,1
2846,1
2849,1
2865,0
2878,0
2880,0
2896,1
2899,0
2902,0
2907,1
2912,0
2915,0
2920,0
2922,0
2932,0
2935,0
2945,0
2950,0
2957,1
2970,0
2983,0
2988,0
2992,0
3000,0
3001,0
3005,0
3010,1
3011,1
3014,0
3026,0
3030,0
3034,0
3036,0
3038,1
3039,0
3043,0
3044,1
3045,0
3052,1
3054,0
3055,0
3059,1
3060,1
3061,1
3070,0
3074,0
3084,0
3090,0
3091,0
3092,1
3095,1
3105,1
3107,1
3108,1
3109,1
3116,1
3120,1
3122,1
3125,1
3126,1
3130,1
3131,1
3137,1
3139,1
3147,1
3152,1
3161,1
3163,0
3166,0
3172,0
3179,0
3181,0
3183,0
3184,1
3185,0
3186,0
3188,0
3192,0
3199,0
3212,1
3218,0
3219,0
3222,0
3225,0
3240,0
3243,0
3244,0
3248,1
3252,1
3256,1
3259,0
3260,0
3263,0
3264,0
3274,0
3277,0
3278,0
3282,1
3283,0
3286,1
3297,0
3299,0
3301,1
3302,1
3303,0
3304,0
3309,0
3318,0
3320,0
3328,0
3329,1
3334,0
3346,0
3357,1
3363,0
3364,1
3372,0
3373,1
3379,0
3383,0
3389,0
3393,0
3414,1
3433,1
3435,1
3439,1
3450,0
3451,1
3459,0
3462,0
3463,0
3464,0
3465,0
3471,0
3474,0
3476,0
3477,1
3483,0
3493,0
3494,0
3499,0
3503,0
3504,0
3505,0
3510,1
3512,1
3513,1
3521,0
3525,0
3526,0
3530,1
3532,1
3533,1
3540,1
3542,1
3544,1
3550,1
3554,0
3560,0
3567,0
3570,0
3572,0
3581,1
3584,0
3588,0
3589,0
3604,1
3609,0
3611,1
3613,0
3617,0
3619,1
3623,1
3625,0
3626,0
3629,0
3635,1
3637,0
3638,0
3645,1
3647,0
3648,0
3657,0
3658,1
3684,0
3685,0
3686,0
3689,0
3691,0
3694,0
3695,0
3696,0
3697,0
3700,1
3704,0
3710,0
3712,0
3717,1
3721,1
3727,0
3737,0
3739,1
3744,0
3752,0
3753,0
3756,1
3759,0
3764,0
3770,0
3771,0
3772,0
3786,0
3789,0
3796,0
3798,0
3800,0
3802,0
3805,0
3806,0
3810,1
3812,1
3815,0
3824,0
3825,0
3826,0
3831,1
3835,1
3838,0
3840,0
3842,1
3849,1
3850,1
3851,1
3857,0
3858,0
3860,1
3861,1
3869,1
3870,1
3873,1
3888,1
3889,1
3901,1
3904,1
3908,1
3916,1
3919,1
3940,0
3944,0
3949,0
3951,1
3954,1
3956,1
3958,1
3961,1
3964,1
3970,0
3982,1
3995,0
3998,0
4012,0
4020,1
4021,0
4022,1
4026,1
4029,0
4038,0
4041,0
4044,0
4047,0
4051,0
4054,1
4055,0
4061,0
4062,1
4063,1
4065,1
4079,1
4085,0
4087,1
4091,1
4092,1
4096,1
4097,0
4103,0
4107,0
4111,0
4116,0
4117,0
4121,1
4122,1
4131,0
4135,0
4139,1
4141,0
4142,0
4145,1
4146,1
4147,0
4149,0
4161,0
4164,0
4168,0
4170,0
4173,0
4176,0
4182,0
4191,0
4200,0
4201,1
4206,0
4210,0
4213,0
4216,1
4220,1
4224,0
4227,0
4232,0
4233,1
4239,0
4243,1
4245,0
4246,1
4248,0
4256,0
4261,1
4264,0
4266,0
4270,0
4274,1
4288,1
4292,1
4295,0
4298,0
4303,1
4304,1
4305,0
4309,0
4312,0
4314,0
4321,0
4325,0
4326,0
4328,0
4330,1
4332,1
4333,0
4336,0
4341,0
4342,0
4343,1
4348,1
4353,1
4354,1
4355,0
4356,0
4359,1
4361,1
4368,0
4372,0
4376,0
4377,0
4381,0
4383,0
4387,0
4406,0
4412,0
4413,0
4424,0
4437,0
4448,0
4451,0
4456,0
4457,0
4458,0
4468,0
4470,0
4482,0
4487,1
4489,0
4490,1
4491,1
4492,0
4499,0
4511,0
4517,0
4522,0
4528,0
4534,0
4541,0
4543,0
4548,0
4551,0
4561,0
4567,0
4568,0
4571,0
4573,1
4584,0
4585,0
4588,0
4597,1
4598,0
4601,0
4602,0
4606,1
4609,0
4622,0
4637,0
4669,0
4675,0
4679,0
4680,0
4682,0
4687,0
4688,0
4699,0
4705,0
4712,0
4715,0
4723,1
4724,0
4725,0
4734,0
4736,0
4740,0
4745,0
4749,0
4750,0
4755,0
4758,0
4768,1
4774,1
4779,1
4784,1
4785,1
4790,1
4791,1
4795,1
4798,0
4799,1
4802,0
4807,1
4808,0
4810,1
4813,1
4821,1
4828,1
4833,0
4835,0
4840,0
4843,1
4845,0
4848,1
4856,0
4867,0
4868,0
4875,0
4877,0
4878,0
4879,0
4882,0
4883,0
4891,0
4897,0
4909,0
4910,0
4915,0
4918,1
4919,0
4920,0
4934,0
4940,0
4946,0
4948,0
4951,0
4954,0
4955,1
4959,1
4962,1
4964,1
4968,1
4970,1
4972,0
4973,0
4974,1
4975,1
4978,1
4979,0
4981,1
4984,0
4989,0
4997,1
5002,1
5025,1
5029,0
5032,1
5033,1
5041,1
5049,0
5052,0
5055,0
5060,0
5061,1
5062,0
5063,1
5065,0
5068,0
5072,0
5074,1
5075,1
5076,1
5085,1
5088,1
5102,1
5103,0
5115,1
5119,1
5127,0
5131,0
5132,1
5141,0
5150,0
5154,1
5157,0
5159,0
5160,1
5162,1
5168,0
5169,1
5170,0
5172,1
5174,1
5175,1
5190,0
5196,0
5200,1
5202,0
5206,1
5210,1
5211,0
5218,0
5222,0
5235,0
5243,0
5244,0
5248,0
5255,0
5262,0
5267,0
5271,1
5272,0
5273,0
5283,1
5290,0
5291,0
5299,0
5302,0
5315,1
5319,0
5326,0
5330,0
5332,1
5336,0
5347,0
5350,0
5351,0
5353,1
5354,0
5368,0
5372,0
5373,0
5377,1
5379,0
5382,0
5384,0
5386,0
5387,0
5396,0
5400,1
5404,0
5407,0
5411,0
5417,0
5428,0
5430,1
5432,0
5442,0
5454,1
5455,1
5460,0
5461,1
5466,1
5469,0
5481,1
5486,1
5487,1
5489,0
5492,0
5493,0
5497,0
5501,1
5502,1
5505,1
5517,0
5518,1
5519,0
5520,0
5524,1
5525,0
5529,0
5532,0
5534,0
5535,0
5553,0
5555,0
5557,0
5563,0
5567,0
5573,0
5578,0
5584,1
5590,0
5593,1
5595,0
5598,0
5603,0
5604,1
5611,1
5617,1
5621,0
5622,1
5624,1
5628,1
5629,0
5635,1
5641,1
5647,0
5651,0
5654,0
5655,0
5656,1
5658,1
5661,1
5671,0
5675,1
5684,1
5685,0
5686,0
5694,0
5695,1
5698,0
5699,0
5704,1
5706,0
5710,0
5720,1
5724,1
5726,1
5748,1
5751,1
5753,1
5758,1
5759,1
5763,1
5766,1
5769,1
5789,0
5790,0
5794,0
5795,0
5799,0
5800,0
5804,0
5805,0
5807,0
5825,1
5827,0
5832,0
5833,0
5834,1
5837,0
5841,1
5843,0
5854,0
5856,0
5858,1
5864,1
5869,0
5870,1
5886,0
5888,0
5898,0
5900,1
5901,0
5909,0
5911,0
5919,0
5921,0
5922,0
5929,0
5932,1
5937,1
5943,0
5952,0
5953,1
5955,0
5958,0
5978,0
5981,0
5985,0
5988,1
5989,0
5990,0
5995,0
5997,0
6004,0
6007,0
6009,0
6013,0
6017,0
6019,0
6023,0
6024,1
6026,0
6032,0
6034,0
6036,1
6038,1
6039,0
6050,0
6058,1
6060,0
6065,0
6066,0
6071,1
6073,0
6078,1
6091,0
6092,0
6094,1
6096,0
6097,1
6099,0
6100,0
6102,0
6105,1
6110,0
6111,1
6112,0
6113,0
6115,1
6118,1
6119,0
6125,0
6128,0
6133,0
6134,0
6138,1
6145,1
6148,0
6151,1
6154,1
6159,1
6162,1
6163,1
6164,1
6174,1
6178,1
6187,1
6193,1
6202,1
6206,1
6208,0
6215,1
6216,1
6219,1
6220,0
6226,0
6230,0
6232,1
6243,1
6244,1
6245,1
6246,1
6247,1
6254,1
6257,0
6261,1
6269,1
6271,0
6283,1
6292,0
6294,0
6296,0
6300,0
6301,0
6310,0
6312,0
6315,0
6317,1
6320,0
6322,0
6331,1
6336,1
6346,0
6349,0
6358,1
6361,0
6365,1
6369,1
6370,0
6383,1
6385,0
6386,0
6397,0
6399,0
6400,0
6405,1
6406,0
6407,0
6410,0
6412,0
6413,0
6420,0
6422,0
6425,0
6427,1
6430,1
6434,0
6436,1
6438,1
6440,1
6445,0
6449,0
6450,1
6452,0
6453,1
6455,0
6463,0
6467,1
6470,0
6472,1
6473,1
6477,1
6482,0
6484,1
6504,0
6510,1
6511,1
6514,0
6520,0
6532,0
6534,0
6535,1
6536,1
6537,0
6542,0
6543,0
6545,0
6547,1
6550,1
6552,0
6565,1
6568,0
6573,0
6575,0
6579,0
6580,0
6582,0
6588,0
6596,0
6604,0
6610,0
6614,1
6619,0
6621,0
6622,0
6626,0
6630,0
6635,0
6636,0
6642,1
6654,0
6662,0
6663,1
6665,1
6668,1
6670,1
6675,1
6676,0
6678,0
6679,1
6690,1
6693,0
6694,0
6701,0
6702,0
6703,0
6706,0
6707,0
6714,0
6723,0
6726,0
6737,0
6738,0
6742,0
6744,0
6745,0
6746,0
6749,1
6751,1
6758,0
6762,0
6765,0
6766,0
6774,0
6775,1
6776,1
6779,0
6784,0
6789,1
6790,0
6792,1
6793,1
6799,0
6802,0
6810,0
6819,1
6820,0
6832,0
6833,0
6844,1
6850,1
6860,1
6867,1
6874,1
6875,1
6879,1
6881,1
6892,1
6900,1
6907,1
6910,1
6911,0
6919,1
6921,1
6925,1
6926,1
6933,1
6939,1
6949,1
6950,1
6956,1
6967,0
6971,0
6972,0
6973,1
6978,0
6979,1
6983,0
6984,0
6985,1
6994,0
6996,1
6998,0
6999,1
7006,0
7009,0
7015,0
7019,0
7021,0
7031,1
7032,0
7036,1
7043,0
7046,0
7048,0
7054,0
7059,0
7069,0
7074,0
7076,1
7092,1
7106,1
7108,0
7124,1
7125,0
7126,1
7128,1
7129,1
7130,1
7131,1
7136,1
7137,1
7140,1
7141,1
7147,0
7148,1
7154,0
7158,0
7160,0
7163,0
7164,0
7167,0
7168,0
7176,1
7183,0
7187,0
7193,1
7203,0
7204,0
7211,0
7214,0
7218,0
7221,1
7228,0
7229,1
7235,1
7236,0
7244,0
7247,1
7248,1
7267,0
7278,1
7285,1
7291,1
7292,1
7294,0
7299,1
7300,1
7302,1
7310,0
7317,1
7338,1
7342,0
7345,0
7348,0
7350,1
7352,0
7358,0
7359,0
7366,0
7367,0
7369,0
7372,0
7373,0
7374,0
7380,0
7400,0
7405,0
7410,1
7414,1
7416,0
7418,0
7421,0
7424,0
7434,0
7439,0
7447,1
7456,0
7457,0
7459,0
7465,0
7475,0
7480,0
7481,0
7496,1
7497,1
7498,1
7503,1
7512,1
7513,1
7521,1
7525,1
7527,0
7529,0
7531,1
7532,1
7533,1
7542,1
7548,1
7550,0
7552,1
7555,1
7558,1
7573,1
7579,1
7582,1
7585,1
7588,1
7590,1
7591,1
7593,1
7598,1
7600,1
7602,1
7605,0
7608,0
7609,1
7611,0
7614,0
7619,0
7623,1
7628,0
7630,1
7635,1
7645,0
7656,0
7663,0
7668,0
7674,1
7675,0
7677,0
7683,0
7685,0
7686,0
7688,1
7692,0
7696,0
7698,0
7699,0
7703,0
7711,0
7714,0
7717,0
7718,0
7720,0
7722,0
7724,0
7725,0
7731,0
7747,1
7752,1
7753,0
7758,0
7760,1
7761,1
7765,0
7767,1
7769,1
7775,1
7783,0
7784,1
7785,1
7787,0
7789,1
7800,1
7803,1
7804,1
7812,1
7816,0
7817,1
7821,1
7822,0
7823,0
7827,0
7830,1
7831,1
7832,1
7835,0
7840,0
7842,0
7847,1
7848,0
7849,1
7852,1
7855,1
7860,1
7863,1
7868,1
7871,1
7872,1
7873,1
7874,1
7876,0
7877,0
7889,1
7893,1
7902,1
7908,0
7915,0
7916,1
7918,1
7924,0
7933,0
7934,0
7937,1
7938,0
7939,0
7941,0
7971,1
7977,1
7989,1
7992,0
7994,1
8000,1
8002,1
8003,1
8005,1
8008,0
8010,1
8015,1
8019,0
8029,0
8035,0
8036,0
8060,0
8064,0
8066,1
8068,1
8073,0
8079,0
8081,0
8088,0
8095,1
8096,1
8101,0
8103,1
8109,1
8110,0
8111,0
8113,0
8130,0
8135,0
8136,0
8140,1
8149,1
8155,1
8159,1
8162,1
8165,0
8168,1
8169,1
8176,1
8184,1
8187,1
8189,1
8205,0
8208,0
8211,0
8215,0
8216,1
8218,0
8223,0
8224,0
8225,0
8232,0
8234,0
8235,0
8244,0
8253,0
8257,0
8259,0
8264,1
8283,0
8288,1
8298,0
8304,1
8310,1
8312,1
8317,1
8318,1
8321,1
8332,1
8334,1
8337,1
8339,1
8344,0
8346,0
8347,0
8348,0
8349,0
8367,0
8368,0
8375,0
8378,0
8392,0
8397,1
8399,0
8411,1
8412,1
8415,1
8416,1
8429,1
8432,1
8436,0
8437,0
8441,1
8443,0
8452,0
8455,0
8458,0
8459,0
8461,0
8463,0
8468,1
8473,0
8477,1
8478,0
8484,0
8487,0
8491,0
8500,0
8506,0
8508,0
8509,0
8518,0
8528,0
8533,0
8538,1
8541,0
8543,0
8559,1
8567,0
8571,0
8578,0
8579,0
8584,0
8606,1
8607,0
8618,1
8622,1
8639,0
8642,0
8644,0
8647,1
8651,1
8655,0
8658,0
8660,1
8669,1
8673,0
8674,0
8676,1
8681,0
8689,0
8693,0
8695,0
8699,0
8702,0
8704,0
8709,0
8711,0
8715,1
8717,0
8721,0
8722,1
8723,0
8724,1
8727,0
8728,0
8729,1
8735,0
8736,0
8737,0
8741,0
8753,0
8760,0
8761,0
8763,0
8776,0
8787,0
8799,0
8804,0
8805,0
8806,0
8808,0
8815,1
8832,0
8840,0
8841,1
8846,0
8848,0
8852,0
8854,0
8856,0
8863,0
8871,0
8872,0
8878,0
8880,0
8881,0
8886,0
8887,0
8893,0
8906,0
8908,0
8924,1
8927,0
8931,1
8934,0
8938,1
8939,1
8944,1
8946,0
8949,0
8955,0
8956,0
8962,0
8967,1
8973,0
8976,1
8985,0
8986,0
8987,0
8989,0
9007,1
9022,0
9026,0
9038,0
9047,1
9051,1
9055,0
9058,1
9059,1
9064,1
9067,0
9078,1
9080,0
9081,0
9082,1
9087,1
9089,1
9093,1
9096,1
9097,1
9098,1
9106,1
9110,1
9119,1
9120,1
9123,1
9128,1
9135,1
9141,1
9144,1
9146,1
9156,1
9162,1
9164,1
9172,1
9173,1
9177,1
9181,1
9197,1
9208,1
9209,1
9210,1
9215,1
9217,1
9218,1
9226,1
9239,1
9240,1
9244,1
9246,0
9247,1
9248,0
9251,0
9252,0
9253,1
9254,0
9257,0
9259,1
9262,0
9263,0
9264,0
9267,0
9276,1
9278,0
9281,0
9286,0
9288,0
9289,0
9294,0
9314,0
9317,0
9319,0
9322,0
9325,0
9332,0
9333,0
9337,1
9339,1
9345,0
9351,0
9355,0
9371,0
9372,1
9373,0
9375,0
9377,0
9380,0
9382,0
9384,0
9386,0
9395,0
9396,1
9397,1
9404,0
9405,1
9416,1
9417,1
9420,1
9421,1
9422,0
9425,1
9431,0
9432,0
9453,1
9454,0
9457,1
9463,0
9465,1
9467,1
9469,1
9480,0
9491,1
9496,1
9501,1
9502,1
9504,0
9510,1
9513,0
9540,1
9541,0
9547,0
9548,0
9551,0
9554,0
9557,0
9563,0
9568,0
9569,0
9571,0
9579,0
9581,1
9583,0
9590,0
9595,0
9596,0
9605,0
9606,0
9608,1
9610,1
9611,1
9612,1
9617,0
9619,1
9627,1
9634,1
9639,1
9644,1
9652,1
9654,0
9655,0
9657,1
9659,0
9674,0
9678,0
9686,0
9690,0
9691,0
9697,0
9698,1
9699,1
9701,0
9710,0
9714,0
9715,0
9723,1
9732,1
9736,0
9737,0
9745,1
9749,0
9753,0
9755,0
9756,0
9760,0
9764,0
9769,1
9771,1
9774,1
9775,1
9778,1
9779,1
9801,1
9810,1
9816,1
9820,0
9828,0
9829,0
9833,1
9838,1
9841,0
9842,1
9853,0
9872,1
9873,1
9875,0
9877,0
9886,0
9887,0
9889,0
9890,1
9897,0
9901,0
9907,0
9916,0
9919,0
9920,0
9931,0
9934,0
9935,1
9938,0
9978,1
9979,0
10003,0
10006,0
10010,0
10012,0
10017,0
10018,0
10028,0
10029,0
10034,0
10038,0
10040,0
10045,1
10047,0
10055,0
10056,0
10058,1
10059,1
10070,1
10071,1
10079,1
10083,1
10084,1
10085,1
10098,1
10101,0
10111,0
10112,0
10118,0
10125,0
10136,0
10140,0
10143,1
10146,0
10151,0
10163,0
10164,1
10169,1
10177,1
10183,0
10184,0
10187,1
10191,1
10192,0
10193,0
10194,1
10197,0
10199,0
10203,0
10204,0
10213,1
10217,1
10218,0
10222,0
10226,1
10229,0
10234,0
10237,0
10239,0
10241,0
10243,0
10246,0
10247,1
10250,1
10253,0
10264,0
10265,0
10272,0
10278,0
10280,0
10288,0
10290,1
10297,0
10299,0
10306,0
10307,0
10308,0
10310,0
10315,0
10317,0
10318,0
10331,0
10336,0
10339,0
10344,0
10345,0
10350,1
10355,0
10359,0
10360,1
10366,0
10367,1
10369,0
10374,0
10377,0
10378,0
10380,0
10383,0
10390,0
10405,0
10406,0
10410,0
10411,0
10413,0
10418,0
10422,0
10426,0
10431,0
10436,1
10446,1
10458,1
10461,1
10466,1
10467,1
10468,1
10470,1
10472,1
10479,1
10481,1
10482,1
10485,0
10487,1
10488,1
10496,1
10498,1
10502,1
10506,1
10508,1
10515,1
10517,1
10529,1
10536,1
10537,1
10540,1
10541,1
10548,1
10551,1
10553,0
10562,1
10564,1
10566,0
10573,1
10575,0
10580,0
10585,1
10587,1
10588,0
10592,0
10593,1
10596,1
10598,1
10600,1
10601,0
10607,1
10611,1
10612,1
10613,1
10620,1
10621,0
10623,0
10626,1
10629,1
10630,1
10631,1
10632,1
10637,0
10641,1
10647,1
10650,0
10651,0
10656,1
10659,0
10662,0
10667,1
10672,0
10685,0
10690,0
10691,0
10702,0
10706,0
10707,0
10708,0
10710,0
10712,1
10722,1
10723,0
10729,0
10731,0
10750,1
10752,1
10764,1
10771,1
10777,1
10785,0
10789,0
10790,0
10798,0
10799,1
10800,0
10803,0
10808,1
10809,0
10810,0
10811,0
10813,0
10819,0
10822,0
10823,0
10835,1
10844,1
10847,1
10848,1
10853,1
10860,1
10864,0
10869,1
10873,1
10,1
13,1
18,0
26,0
33,0
36,1
37,0
49,0
57,0
63,0
71,1
76,1
89,0
96,0
97,0
100,0
110,0
113,1
118,0
119,0
120,1
126,1
128,0
134,1
139,1
143,0
149,0
151,0
161,0
162,0
163,0
165,0
171,0
173,0
176,0
194,0
196,1
198,1
199,1
203,1
211,1
215,1
218,0
221,1
229,1
235,1
237,0
241,0
245,1
248,1
249,1
251,1
254,1
258,0
261,1
266,0
270,1
271,1
272,1
273,0
274,0
287,1
289,1
290,0
298,0
299,1
302,0
310,1
312,0
313,1
321,0
328,0
334,0
337,0
338,1
346,0
349,0
364,0
368,0
372,0
381,0
384,0
393,0
398,0
402,0
406,0
412,0
413,0
420,1
421,1
423,0
435,1
438,0
440,0
442,0
446,0
447,0
452,0
455,0
456,0
457,0
472,1
475,0
477,0
478,0
487,0
490,0
492,0
499,0
502,0
506,0
512,1
513,0
516,0
517,1
518,0
519,1
523,0
524,0
527,0
528,1
530,0
542,1
551,1
552,0
559,1
563,0
567,0
571,0
574,1
575,1
576,1
579,1
583,0
585,0
594,1
599,0
613,1
614,1
621,0
623,1
628,0
633,0
641,0
651,0
652,0
653,0
654,0
659,1
662,1
664,1
665,1
669,0
671,0
685,0
690,0
699,1
700,0
709,1
710,1
714,1
716,0
717,1
721,0
732,1
734,1
745,1
746,0
753,0
754,0
763,1
773,1
774,1
786,0
787,0
788,0
795,1
800,0
806,1
809,0
818,0
819,0
820,0
823,1
828,0
836,1
837,1
840,1
841,0
848,1
857,0
859,1
863,1
864,0
871,1
876,1
881,0
883,1
886,0
890,1
891,1
894,0
903,0
911,1
915,0
923,0
928,1
932,0
934,0
938,0
939,0
941,0
942,0
945,1
948,0
951,0
952,1
955,0
959,0
963,0
964,1
965,0
974,1
981,0
982,0
986,0
987,0
991,0
993,0
994,0
1001,0
1004,0
1008,0
1010,0
1022,0
1038,0
1040,0
1041,0
1048,0
1050,0
1052,0
1057,0
1070,0
1072,0
1075,0
1077,0
1093,0
1094,0
1098,0
1110,0
1117,0
1118,0
1124,0
1128,0
1129,0
1130,0
1132,0
1138,0
1142,0
1145,0
1154,0
1162,0
1164,0
1166,0
1185,0
1188,0
1189,0
1190,0
1191,0
1206,0
1208,1
1214,0
1215,0
1218,0
1219,0
1221,0
1223,1
1225,0
1237,0
1239,0
1241,0
1244,0
1252,0
1253,0
1254,0
1262,0
1264,0
1267,0
1269,0
1277,0
1278,0
1283,0
1284,0
1288,0
1298,0
1300,0
1302,0
1308,0
1316,1
1317,0
1319,0
1337,0
1340,0
1346,0
1347,0
1362,0
1363,0
1368,0
1369,0
1374,0
1375,0
1391,0
1407,0
1408,0
1412,0
1418,0
1429,0
1439,0
1443,0
1449,0
1450,0
1453,0
1459,0
1467,0
1472,0
1480,0
1485,0
1494,0
1495,0
1497,0
1502,0
1503,0
1515,0
1520,0
1521,0
1522,0
1523,0
1535,0
1540,0
1543,0
1545,0
1546,0
1560,0
1569,0
1573,0
1574,0
1576,0
1579,0
1580,0
1585,1
1590,1
1594,0
1596,1
1597,0
1599,0
1603,0
1604,0
1607,0
1608,0
1610,0
1611,0
1619,0
1621,0
1623,0
1625,1
1628,0
1632,0
1633,1
1634,1
1636,1
1638,0
1639,1
1644,1
1647,1
1650,1
1658,1
1660,1
1666,0
1670,1
1673,1
1676,1
1688,1
1698,0
1699,0
1700,0
1706,0
1709,1
1712,1
1722,1
1726,0
1733,0
1737,1
1739,0
1745,0
1750,1
1754,1
1761,1
1768,1
1769,1
1771,1
1772,1
1774,1
1775,1
1779,1
1780,1
1784,1
1798,1
1811,1
1813,1
1814,1
1815,1
1822,1
1832,0
1833,0
1851,0
1852,0
1860,0
1861,1
1865,0
1866,0
1878,1
1883,0
1890,1
1897,1
1908,0
1916,1
1917,0
1927,1
1932,1
1933,0
1935,0
1950,1
1957,0
1961,1
1963,0
1972,0
1985,1
1986,1
1987,1
1991,1
1992,0
2007,1
2009,0
2014,1
2019,1
2022,1
2024,1
2026,1
2039,0
2042,0
2045,1
2051,1
2056,0
2059,1
2060,1
2064,0
2067,0
2069,1
2073,0
2078,0
2082,0
2086,0
2087,0
2089,0
2098,0
2099,0
2100,1
2103,0
2109,0
2112,0
2117,0
2121,1
2122,0
2123,0
2126,0
2131,0
2136,0
2142,0
2146,0
2149,1
2150,0
2159,1
2171,1
2173,1
2174,1
2176,0
2179,1
2191,0
2193,0
2198,0
2203,0
2207,0
2212,1
2214,0
2216,1
2220,1
2221,1
2227,1
2237,0
2238,1
2240,1
2241,0
2246,0
2258,0
2272,0
2285,0
2292,1
2294,0
2296,1
2297,0
2299,0
2301,1
2307,0
2311,1
2312,0
2324,1
2325,0
2330,1
2332,0
2341,0
2349,1
2350,1
2351,1
2352,0
2366,0
2370,1
2372,0
2374,0
2377,1
2386,0
2388,1
2389,0
2395,0
2396,0
2398,0
2417,0
2418,0
2419,0
2429,0
2437,0
2438,0
2441,0
2452,0
2453,0
2455,0
2460,1
2471,1
2478,0
2486,0
2488,1
2490,0
2500,1
2502,0
2504,1
2512,0
2513,0
2516,1
2519,0
2520,1
2537,1
2539,1
2540,1
2542,0
2543,0
2545,0
2547,1
2550,0
2552,1
2553,0
2554,0
2555,0
2556,0
2565,1
2566,0
2587,0
2598,1
2604,1
2605,1
2606,0
2608,0
2612,1
2617,0
2619,0
2624,0
2625,1
2629,1
2632,0
2641,0
2642,0
2648,1
2656,0
2657,0
2659,0
2675,0
2682,0
2692,0
2693,0
2696,0
2698,0
2707,0
2708,0
2715,0
2719,0
2723,1
2727,0
2729,0
2731,0
2734,0
2736,0
2741,0
2744,1
2748,0
2749,0
2766,0
2767,0
2773,0
2778,0
2784,0
2785,0
2786,0
2793,0
2794,0
2797,0
2801,0
2803,0
2807,0
2811,0
2819,0
2822,0
2826,1
2831,0
2841,1
2854,0
2858,0
2860,0
2864,0
2869,1
2873,0
2877,0
2879,0
2881,0
2882,0
2883,1
2884,1
2885,1
2886,0
2887,0
2890,0
2891,0
2893,1
2898,0
2900,0
2905,0
2908,0
2911,1
2924,0
2934,0
2944,0
2953,0
2963,0
2965,0
2969,0
2974,0
2975,0
2984,0
2995,0
2998,0
3004,0
3006,0
3009,0
3012,0
3013,0
3015,0
3016,0
3018,0
3021,0
3022,0
3048,0
3051,0
3058,0
3064,0
3072,0
3077,0
3079,0
3080,0
3083,0
3099,1
3104,1
3112,1
3114,0
3115,1
3117,1
3119,1
3123,1
3132,1
3133,1
3134,1
3142,1
3144,1
3145,1
3154,0
3155,0
3162,0
3165,0
3167,0
3170,1
3173,0
3174,0
3175,0
3177,1
3180,0
3182,0
3189,0
3190,1
3191,1
3195,0
3196,0
3198,1
3200,0
3205,1
3211,0
3216,0
3217,1
3221,0
3229,0
3235,0
3236,1
3237,0
3239,0
3249,0
3253,0
3262,1
3265,1
3270,1
3275,0
3276,0
3280,1
3285,0
3287,0
3288,0
3292,1
3296,1
3308,0
3311,0
3312,0
3317,0
3319,0
3322,1
3323,0
3324,0
3335,0
3336,0
3337,1
3339,1
3341,1
3347,0
3351,1
3355,1
3365,0
3368,1
3369,0
3376,1
3377,0
3381,1
3390,0
3394,0
3397,1
3401,1
3403,0
3404,1
3406,0
3408,0
3411,1
3412,1
3413,1
3417,1
3418,0
3419,0
3421,0
3429,0
3432,1
3445,0
3446,1
3452,1
3468,0
3469,0
3472,0
3473,0
3475,0
3480,0
3482,0
3486,1
3490,0
3497,0
3500,0
3501,0
3506,0
3518,1
3519,1
3520,1
3524,1
3527,1
3528,0
3531,1
3535,1
3536,1
3552,0
3557,0
3566,1
3569,0
3583,0
3585,0
3587,0
3591,0
3594,0
3596,0
3603,1
3608,0
3618,0
3621,0
3628,0
3631,0
3632,0
3633,0
3634,0
3639,0
3640,1
3650,0
3655,0
3656,0
3660,0
3662,1
3663,1
3669,0
3674,1
3681,0
3682,0
3692,0
3702,0
3705,0
3708,1
3713,0
3715,1
3719,1
3723,0
3725,1
3730,1
3736,1
3741,0
3742,1
3743,0
3745,1
3747,1
3758,0
3760,0
3763,1
3773,1
3776,0
3777,1
3788,1
3793,0
3795,1
3803,0
3807,0
3814,0
3819,0
3820,0
3828,0
3830,0
3832,0
3833,1
3834,0
3839,0
3853,1
3855,1
3864,1
3868,0
3874,1
3876,0
3879,1
3887,1
3894,1
3899,0
3900,0
3907,1
3911,1
3914,1
3917,0
3924,0
3945,1
3952,1
3953,1
3957,0
3960,1
3962,1
3969,1
3973,1
3977,1
3983,1
3992,1
3993,1
3997,1
4005,0
4006,1
4010,0
4011,1
4017,0
4018,0
4025,0
4028,0
4030,0
4032,0
4033,0
4042,0
4045,0
4052,1
4057,1
4064,1
4077,0
4078,0
4080,1
4081,0
4086,1
4088,1
4093,1
4104,1
4105,1
4108,1
4113,1
4129,0
4133,1
4140,0
4143,1
4153,0
4156,0
4157,0
4158,0
4159,0
4166,0
4172,0
4175,0
4177,0
4178,0
4184,1
4189,0
4197,0
4203,0
4204,1
4205,1
4225,1
4230,0
4235,1
4240,0
4242,0
4252,0
4255,1
4257,0
4269,0
4271,1
4275,0
4279,0
4281,1
4289,0
4293,0
4297,0
4299,1
4306,1
4313,0
4320,1
4322,1
4324,0
4327,0
4345,1
4350,1
4357,1
4366,1
4374,1
4375,1
4393,1
4395,1
4396,1
4397,1
4398,0
4405,0
4410,0
4411,0
4415,0
4421,0
4426,0
4427,0
4432,0
4435,0
4436,0
4441,0
4442,0
4444,0
4450,0
4452,0
4454,0
4463,1
4466,1
4472,1
4479,0
4493,0
4494,1
4496,1
4498,1
4503,0
4504,1
4508,0
4509,1
4516,0
4519,1
4523,1
4524,0
4525,0
4527,1
4533,1
4538,1
4539,0
4542,1
4544,0
4546,1
4547,1
4576,1
4578,0
4587,1
4589,1
4590,0
4592,1
4593,0
4600,0
4604,1
4607,1
4610,1
4611,0
4616,1
4617,1
4620,1
4630,0
4631,1
4634,0
4644,1
4649,0
4650,1
4656,0
4659,0
4661,1
4664,0
4666,0
4667,1
4671,1
4673,0
4674,0
4678,1
4681,1
4689,1
4690,0
4693,1
4694,1
4695,0
4696,1
4700,0
4702,0
4703,0
4708,1
4711,0
4714,1
4716,0
4719,0
4726,0
4729,0
4737,0
4738,0
4739,0
4744,0
4747,0
4752,0
4753,0
4754,0
4757,0
4759,0
4765,1
4771,1
4773,1
4775,1
4778,1
4783,1
4794,0
4812,1
4820,1
4830,1
4836,1
4844,0
4846,0
4850,1
4853,1
4857,0
4859,1
4860,1
4866,0
4870,0
4872,0
4874,0
4876,0
4881,0
4884,0
4887,0
4895,0
4896,0
4898,1
4899,0
4901,0
4903,0
4906,0
4911,0
4913,1
4914,0
4926,0
4943,0
4944,0
4961,1
4966,1
4980,0
4985,0
4986,1
4990,1
4992,1
4993,1
5000,1
5007,0
5008,1
5016,1
5022,1
5027,0
5037,1
5038,1
5039,1
5043,0
5044,0
5056,1
5059,0
5064,1
5067,0
5071,0
5079,0
5080,0
5083,0
5087,1
5092,1
5094,0
5096,1
5098,0
5105,0
5106,0
5107,1
5109,0
5113,1
5122,1
5124,1
5126,1
5128,0
5139,0
5144,1
5145,1
5146,0
5148,1
5149,1
5155,1
5164,1
5165,0
5177,0
5179,0
5180,0
5181,1
5183,0
5188,0
5195,0
5197,0
5198,0
5199,0
5201,1
5204,0
5207,0
5208,1
5209,1
5212,0
5220,1
5221,0
5223,0
5224,0
5226,0
5229,0
5233,0
5234,1
5238,1
5245,0
5249,0
5251,0
5252,1
5254,0
5256,0
5260,0
5263,0
5264,0
5269,0
5270,0
5276,0
5278,0
5284,0
5285,0
5286,0
5292,0
5295,0
5296,0
5298,0
5304,0
5305,1
5306,0
5310,1
5316,1
5322,0
5328,0
5331,1
5335,1
5338,0
5339,0
5341,0
5343,0
5346,0
5356,0
5357,0
5367,1
5371,1
5375,1
5378,0
5381,1
5385,1
5389,1
5397,0
5403,1
5408,1
5409,0
5410,1
5420,1
5423,0
5425,1
5437,0
5443,0
5444,0
5445,1
5448,1
5449,1
5450,0
5452,0
5458,1
5459,1
5462,0
5467,0
5473,0
5477,0
5485,0
5488,0
5495,0
5498,0
5503,0
5509,0
5514,0
5515,0
5526,0
5539,0
5540,0
5541,0
5544,0
5548,0
5554,0
5558,0
5559,0
5560,0
5565,1
5569,1
5570,1
5575,0
5577,1
5582,0
5587,1
5589,0
5592,1
5594,1
5599,1
5600,1
5602,0
5608,1
5609,1
5612,1
5613,1
5614,0
5618,1
5626,1
5633,1
5638,0
5644,0
5645,1
5653,1
5662,0
5665,0
5668,0
5673,0
5674,0
5676,0
5687,0
5689,1
5711,1
5713,0
5715,1
5716,1
5722,1
5729,1
5730,0
5733,1
5734,0
5736,0
5739,1
5740,1
5743,1
5746,1
5754,1
5760,1
5765,1
5775,1
5778,1
5791,0
5792,0
5793,1
5797,1
5801,0
5803,1
5808,1
5812,0
5816,0
5817,0
5818,1
5819,0
5821,0
5822,0
5826,1
5828,0
5829,0
5845,0
5853,0
5867,0
5868,1
5884,1
5887,0
5891,1
5894,0
5896,0
5903,0
5904,0
5906,0
5908,0
5912,0
5913,0
5918,0
5927,0
5928,0
5939,1
5942,0
5949,0
5957,0
5959,1
5961,1
5963,1
5964,1
5972,0
5974,0
5980,1
5987,1
5992,0
5996,0
5999,1
6003,0
6020,0
6031,0
6033,0
6041,0
6043,0
6045,0
6048,1
6049,0
6051,1
6053,1
6056,0
6061,0
6069,1
6070,1
6072,1
6083,0
6086,0
6087,0
6108,0
6109,0
6116,0
6126,0
6127,0
6130,0
6132,0
6137,1
6141,1
6146,0
6147,0
6152,1
6153,0
6156,1
6166,0
6167,0
6173,0
6175,0
6181,1
6183,1
6184,1
6185,1
6191,1
6197,0
6200,1
6201,0
6203,1
6207,1
6211,1
6213,0
6217,1
6218,0
6223,0
6224,0
6227,1
6233,0
6253,1
6258,1
6262,1
6265,1
6268,0
6272,1
6274,1
6277,0
6278,1
6281,0
6314,1
6328,1
6329,0
6332,0
6337,1
6339,1
6340,1
6341,1
6344,1
6345,1
6347,1
6350,0
6371,1
6372,0
6373,1
6374,1
6375,0
6382,1
6395,1
6402,0
6403,0
6404,0
6414,1
6416,1
6417,1
6418,1
6421,1
6443,1
6448,1
6451,0
6462,1
6478,1
6480,1
6481,0
6485,0
6486,1
6490,0
6493,0
6494,0
6497,0
6505,1
6506,1
6515,1
6518,0
6523,0
6525,0
6528,1
6529,0
6546,0
6548,0
6549,0
6551,1
6553,1
6559,0
6560,1
6566,0
6567,0
6570,0
6571,0
6572,1
6577,0
6585,0
6586,0
6594,0
6597,0
6598,0
6602,0
6607,0
6611,0
6613,0
6616,0
6627,0
6629,1
6632,0
6634,0
6638,1
6644,0
6648,0
6649,1
6653,0
6660,0
6661,1
6667,1
6669,0
6672,0
6682,1
6683,1
6688,0
6689,0
6695,1
6697,0
6700,0
6719,0
6722,0
6724,0
6727,0
6730,0
6731,0
6754,0
6759,0
6769,0
6781,0
6783,0
6787,0
6794,1
6795,0
6804,0
6809,0
6813,0
6815,0
6823,0
6835,0
6847,0
6849,1
6852,0
6855,0
6857,1
6858,0
6864,1
6870,1
6876,0
6877,0
6883,1
6884,0
6885,1
6896,0
6898,1
6905,1
6914,1
6915,0
6916,0
6920,0
6928,0
6929,0
6931,0
6935,1
6936,0
6945,0
6946,1
6948,0
6953,1
6955,0
6960,0
6962,0
6974,0
6975,1
6977,0
6981,0
7002,0
7005,0
7008,0
7010,0
7012,0
7024,0
7026,1
7029,0
7030,0
7037,0
7039,0
7044,0
7051,0
7053,0
7056,1
7058,0
7061,1
7063,0
7068,0
7070,0
7071,0
7073,0
7077,0
7078,0
7086,1
7093,1
7097,0
7104,1
7109,0
7111,0
7112,1
7115,0
7116,0
7118,1
7120,1
7121,1
7134,1
7135,1
7142,1
7144,0
7149,0
7150,0
7157,0
7159,0
7161,0
7166,0
7169,0
7173,0
7179,0
7180,0
7184,0
7185,0
7186,0
7192,0
7194,0
7196,1
7197,1
7198,1
7206,1
7208,1
7210,1
7213,0
7224,1
7230,1
7232,1
7234,1
7241,1
7253,1
7254,1
7260,1
7261,1
7265,1
7268,1
7270,1
7274,1
7275,1
7280,1
7286,1
7287,1
7289,1
7290,1
7297,1
7301,1
7307,1
7315,1
7316,1
7319,1
7320,0
7326,1
7328,1
7330,1
7331,1
7334,1
7335,1
7343,1
7354,0
7355,0
7356,0
7361,0
7362,1
7365,0
7371,0
7383,0
7392,1
7402,0
7403,0
7408,0
7413,0
7415,0
7425,0
7426,0
7428,0
7442,0
7444,0
7446,0
7458,1
7463,0
7473,0
7474,0
7476,1
7477,0
7491,1
7494,1
7501,1
7502,1
7507,1
7510,1
7515,1
7518,1
7520,1
7522,1
7528,1
7534,1
7535,1
7536,1
7537,1
7543,1
7547,1
7551,1
7553,1
7559,1
7561,1
7565,1
7570,1
7576,0
7577,1
7580,1
7583,1
7587,1
7603,0
7607,0
7610,0
7612,1
7617,1
7621,0
7622,1
7633,1
7639,0
7642,1
7644,1
7648,0
7651,0
7652,0
7653,0
7654,0
7657,0
7659,0
7661,0
7671,0
7678,0
7679,0
7680,0
7689,0
7701,0
7712,0
7721,0
7723,0
7728,1
7733,0
7735,0
7738,0
7743,0
7744,0
7746,0
7749,0
7751,1
7754,1
7755,1
7768,1
7774,0
7780,0
7781,1
7790,1
7797,0
7799,0
7807,0
7809,0
7810,1
7824,0
7826,0
7837,0
7839,1
7850,0
7851,0
7862,0
7867,0
7869,1
7870,0
7878,1
7881,1
7885,0
7891,0
7905,1
7907,0
7909,0
7913,1
7914,1
7923,1
7929,0
7930,1
7932,0
7936,1
7944,1
7949,0
7950,0
7952,1
7953,0
7954,0
7957,0
7958,1
7960,1
7968,1
7969,1
7972,1
7976,1
7978,1
7981,1
7982,1
7983,1
7987,1
7988,1
7991,1
7999,1
8001,1
8018,1
8021,1
8023,1
8026,0
8028,1
8031,0
8032,1
8034,1
8045,1
8047,1
8056,1
8061,0
8065,1
8070,0
8071,0
8074,0
8083,0
8084,0
8089,0
8091,0
8094,0
8097,1
8100,0
8105,0
8118,1
8119,0
8125,0
8126,0
8129,1
8131,1
8137,1
8141,1
8143,1
8144,1
8147,1
8156,0
8158,1
8161,1
8163,1
8175,1
8188,1
8191,1
8195,0
8201,0
8202,0
8204,1
8209,0
8212,0
8213,0
8236,1
8237,1
8238,0
8240,0
8241,0
8242,1
8243,1
8250,0
8251,0
8254,1
8276,0
8278,0
8285,0
8286,0
8287,1
8292,0
8295,0
8296,1
8297,1
8300,1
8301,1
8309,1
8311,0
8314,1
8315,1
8324,0
8330,1
8341,1
8345,0
8350,0
8351,0
8352,0
8360,0
8363,0
8369,0
8370,0
8371,0
8372,0
8374,0
8382,0
8383,0
8388,0
8389,0
8390,0
8391,0
8393,1
8401,1
8404,1
8408,0
8409,1
8410,1
8419,1
8422,1
8428,1
8430,0
8433,1
8435,1
8440,0
8445,0
8447,0
8450,0
8453,0
8454,0
8457,0
8464,0
8471,0
8475,0
8476,0
8483,0
8494,0
8503,0
8504,0
8507,0
8511,0
8513,0
8514,0
8515,0
8516,0
8520,0
8522,0
8523,0
8526,0
8550,0
8555,0
8557,0
8558,0
8560,0
8572,0
8575,0
8576,0
8577,0
8580,0
8581,0
8585,0
8586,0
8587,0
8595,0
8596,0
8599,0
8608,1
8610,0
8612,0
8613,0
8624,0
8627,1
8628,0
8635,1
8636,0
8643,0
8646,0
8650,1
8653,0
8654,1
8656,1
8657,1
8659,0
8662,0
8663,1
8665,1
8683,0
8684,0
8685,0
8686,1
8691,1
8694,0
8696,0
8698,0
8705,1
8708,0
8710,0
8718,0
8720,0
8726,0
8732,0
8734,0
8739,0
8740,0
8743,0
8745,0
8747,0
8751,0
8752,0
8754,1
8755,0
8758,0
8759,0
8762,0
8766,0
8767,0
8774,0
8775,0
8777,0
8780,0
8782,0
8785,0
8786,0
8788,0
8789,0
8791,0
8801,0
8816,0
8823,1
8825,1
8830,0
8831,1
8835,0
8836,0
8839,0
8853,0
8858,0
8859,0
8862,0
8865,0
8866,0
8869,0
8883,0
8885,0
8888,0
8890,0
8899,1
8902,1
8912,1
8916,0
8920,0
8923,1
8926,0
8935,0
8945,1
8948,1
8953,0
8959,1
8961,0
8968,0
8970,1
8978,0
8979,1
8996,0
8999,1
9001,0
9005,1
9012,0
9016,0
9018,0
9023,0
9027,0
9029,0
9030,1
9031,0
9034,1
9039,0
9040,0
9045,0
9060,0
9061,1
9062,0
9071,1
9072,1
9074,1
9075,1
9083,1
9085,0
9086,1
9100,1
9101,1
9102,1
9114,1
9121,1
9126,1
9130,1
9131,1
9137,1
9145,1
9154,1
9157,1
9166,1
9174,1
9175,1
9182,1
9183,1
9187,1
9191,1
9194,1
9195,1
9206,1
9207,1
9211,1
9216,1
9220,1
9222,1
9230,1
9232,1
9233,1
9235,1
9237,1
9242,1
9249,1
9250,0
9260,0
9265,0
9266,0
9268,1
9269,0
9270,0
9272,0
9275,0
9287,0
9290,1
9293,1
9296,0
9297,0
9300,1
9303,0
9307,0
9308,0
9311,0
9313,0
9315,0
9324,1
9329,0
9334,0
9342,1
9344,0
9348,0
9361,0
9362,0
9376,1
9385,0
9387,0
9388,0
9391,0
9393,1
9401,1
9402,1
9406,1
9408,0
9410,1
9411,0
9436,0
9438,1
9439,1
9448,1
9449,0
9450,0
9455,1
9456,0
9458,0
9466,1
9482,0
9485,1
9488,1
9489,0
9490,0
9499,1
9500,1
9503,0
9505,1
9509,0
9511,1
9522,0
9524,1
9526,1
9531,1
9533,0
9537,0
9550,0
9552,1
9555,0
9566,0
9567,0
9576,1
9580,1
9582,0
9589,0
9592,0
9593,0
9594,0
9598,0
9600,0
9602,0
9603,0
9616,1
9618,0
9625,1
9629,1
9636,1
9640,1
9642,1
9643,1
9650,1
9656,0
9660,0
9661,0
9665,0
9669,1
9672,0
9673,1
9675,1
9681,1
9683,1
9684,1
9687,0
9688,1
9695,0
9702,0
9704,0
9706,0
9707,0
9712,0
9716,0
9717,0
9718,0
9719,0
9729,0
9730,1
9731,0
9734,0
9741,0
9757,0
9761,0
9763,1
9765,1
9766,0
9776,1
9783,1
9785,1
9794,1
9795,1
9796,0
9797,1
9808,1
9812,0
9819,0
9822,0
9823,1
9826,0
9830,0
9832,0
9834,0
9836,0
9837,0
9846,0
9850,0
9860,0
9861,0
9862,0
9869,0
9870,0
9878,0
9883,0
9911,0
9912,0
9921,0
9923,0
9930,0
9932,1
9933,1
9940,0
9941,0
9942,0
9945,0
9948,0
9950,0
9952,0
9955,0
9958,0
9961,1
9965,1
9972,0
9980,0
9982,0
9983,0
9986,0
9988,0
9989,0
9995,0
9998,0
10004,0
10011,0
10013,0
10014,1
10016,1
10020,0
10021,0
10025,1
10030,1
10031,0
10032,0
10035,0
10037,0
10039,0
10044,1
10048,0
10054,0
10061,1
10067,1
10074,1
10076,1
10077,1
10080,1
10089,1
10090,1
10092,1
10102,0
10106,1
10107,1
10114,0
10116,0
10117,0
10121,1
10124,1
10126,0
10127,0
10129,0
10132,1
10137,0
10138,0
10142,1
10144,0
10152,0
10159,1
10175,1
10179,1
10186,1
10189,1
10195,1
10198,0
10206,1
10208,1
10210,0
10215,1
10220,0
10223,0
10231,0
10252,0
10255,0
10259,0
10263,0
10268,0
10269,0
10273,0
10274,0
10276,0
10283,0
10286,0
10287,0
10289,0
10293,0
10296,1
10303,0
10313,0
10316,0
10320,0
10322,0
10323,0
10333,0
10340,1
10341,1
10348,0
10349,1
10351,0
10358,1
10364,0
10368,0
10371,0
10372,0
10375,1
10379,0
10381,0
10382,1
10384,1
10387,0
10392,1
10393,0
10401,1
10412,0
10419,0
10421,0
10423,0
10428,0
10432,0
10434,1
10441,1
10443,1
10445,1
10448,1
10449,1
10450,1
10451,1
10455,0
10464,1
10471,1
10473,1
10483,1
10490,1
10492,0
10499,0
10505,0
10513,0
10516,1
10519,0
10520,1
10522,0
10524,0
10533,0
10535,1
10543,1
10545,1
10550,1
10555,0
10557,0
10558,0
10560,1
10563,0
10570,0
10571,0
10574,0
10576,1
10581,0
10584,1
10589,0
10591,1
10605,0
10608,0
10610,0
10615,0
10616,0
10625,1
10627,1
10628,1
10640,0
10644,0
10657,1
10658,0
10660,0
10665,0
10666,0
10673,0
10675,1
10677,1
10679,0
10680,0
10682,1
10687,0
10692,1
10695,0
10696,0
10698,0
10700,0
10711,0
10715,1
10718,0
10720,0
10730,1
10732,1
10733,0
10735,1
10737,1
10741,1
10745,1
10748,1
10749,1
10751,1
10753,1
10755,1
10760,1
10765,1
10775,1
10776,1
10780,1
10784,1
10788,0
10794,0
10802,0
10805,0
10812,0
10817,0
10818,0
10821,0
10824,1
10827,0
10830,0
10831,0
10843,1
10851,1
10854,1
10855,1
10863,1
10866,1
10867,1
10871,1
10872,1
4,1
5,1
6,1
7,1
8,1
15,0
16,1
17,0
19,1
24,0
31,0
32,0
39,0
40,0
52,0
53,0
54,0
56,1
59,1
62,0
66,1
77,1
78,0
79,1
85,1
92,0
95,0
104,1
107,1
112,0
131,0
136,0
141,0
153,1
164,0
168,0
170,0
172,0
180,0
182,0
183,0
184,0
185,0
187,0
193,0
197,1
201,0
205,1
209,1
210,1
212,1
219,1
220,1
226,1
231,1
232,0
238,1
240,0
246,0
265,0
268,0
269,1
277,1
281,0
283,1
285,1
291,0
293,1
301,0
303,1
316,0
318,0
320,0
331,1
335,0
336,1
344,1
345,0
347,0
354,0
355,0
360,0
363,1
371,0
375,0
390,1
394,0
397,0
401,0
404,1
409,0
410,0
415,0
418,0
432,0
443,0
444,1
448,0
453,1
454,0
461,0
462,0
466,0
474,0
476,0
482,0
484,0
485,0
489,0
495,0
504,0
514,0
520,0
521,0
522,0
533,0
536,1
538,0
544,0
556,0
558,1
561,0
564,0
565,1
569,1
570,1
577,0
580,1
581,0
584,1
589,0
598,0
606,1
608,0
619,1
624,0
638,0
640,0
643,0
657,1
658,1
661,1
674,1
675,1
680,1
684,1
687,0
691,0
697,0
706,1
713,1
724,1
727,1
729,1
736,1
738,1
739,1
740,1
744,0
751,0
752,1
755,0
758,0
759,1
761,1
767,1
781,1
782,0
784,0
794,1
801,0
805,1
808,0
812,0
814,1
822,0
826,1
832,0
833,0
838,1
842,0
849,1
852,0
853,1
860,0
868,1
872,1
875,1
877,1
878,1
885,0
888,1
892,1
896,1
905,1
906,0
907,0
912,0
916,0
919,0
926,0
935,0
936,1
940,0
953,0
956,0
958,0
961,1
962,0
968,0
972,0
976,0
990,0
992,0
997,1
1005,0
1006,0
1015,0
1017,0
1021,0
1023,0
1031,0
1032,0
1035,0
1036,0
1037,0
1043,0
1044,0
1049,0
1051,0
1058,0
1065,0
1069,0
1071,1
1081,0
1082,0
1085,0
1088,0
1099,0
1103,0
1109,0
1112,0
1113,0
1114,0
1120,0
1122,0
1126,0
1136,0
1146,1
1149,1
1151,0
1153,1
1155,0
1167,0
1170,0
1181,0
1182,1
1183,0
1195,1
1196,0
1198,0
1199,0
1201,0
1202,0
1203,0
1207,0
1209,0
1226,0
1229,0
1230,0
1232,0
1235,1
1236,0
1242,0
1245,1
1259,0
1263,0
1270,0
1272,0
1279,0
1280,0
1282,0
1289,0
1290,0
1294,0
1296,0
1301,0
1303,0
1304,0
1309,0
1320,0
1321,0
1326,1
1327,0
1328,0
1331,0
1332,0
1335,0
1338,0
1345,0
1350,0
1351,0
1352,0
1353,0
1356,0
1360,0
1365,0
1371,0
1376,0
1378,0
1380,0
1381,0
1382,0
1383,0
1388,0
1390,0
1393,0
1396,0
1401,0
1406,0
1409,0
1411,0
1419,0
1422,0
1425,0
1431,0
1432,0
1433,0
1436,0
1440,0
1441,0
1445,0
1452,0
1456,0
1460,0
1463,0
1470,0
1473,0
1474,0
1475,0
1483,0
1488,0
1493,0
1501,0
1506,0
1509,0
1511,0
1519,0
1527,0
1530,0
1531,1
1533,0
1534,0
1537,0
1538,0
1544,1
1547,0
1555,0
1556,1
1561,0
1562,0
1588,0
1591,1
1600,0
1613,0
1615,0
1618,0
1622,0
1631,1
1637,1
1643,1
1645,0
1649,1
1652,1
1653,1
1657,1
1662,0
1663,0
1665,1
1671,0
1677,1
1679,0
1683,1
1686,1
1694,1
1702,1
1705,0
1715,1
1716,0
1724,0
1728,1
1735,1
1740,1
1752,0
1755,0
1756,0
1770,1
1773,1
1786,1
1787,1
1789,1
1791,1
1796,1
1799,1
1802,1
1803,1
1804,0
1808,1
1810,1
1812,0
1818,1
1823,0
1824,0
1826,0
1831,0
1835,0
1836,0
1837,0
1838,0
1842,0
1845,0
1848,0
1853,0
1856,0
1863,0
1864,0
1873,0
1880,1
1881,0
1885,1
1887,0
1888,1
1889,1
1893,0
1895,0
1898,0
1900,0
1905,0
1915,1
1918,1
1920,0
1922,0
1924,0
1925,0
1939,0
1940,0
1941,0
1948,1
1949,0
1954,1
1956,0
1960,1
1966,1
1967,1
1968,0
1971,1
1973,1
1990,1
1995,1
1999,1
2000,1
2001,1
2003,1
2006,1
2012,1
2015,1
2033,0
2034,1
2046,0
2070,1
2075,1
2076,0
2077,1
2083,0
2096,1
2102,1
2108,1
2110,0
2111,1
2114,0
2118,1
2125,0
2129,0
2134,1
2139,0
2153,1
2154,0
2157,0
2163,1
2190,1
2192,1
2195,1
2204,0
2205,1
2209,1
2210,0
2211,0
2213,1
2225,1
2229,1
2235,1
2236,0
2245,0
2254,0
2263,0
2265,0
2267,1
2271,1
2273,0
2274,0
2277,0
2278,0
2280,0
2282,0
2286,0
2288,0
2298,0
2304,1
2306,0
2314,1
2315,1
2317,0
2319,0
2339,0
2342,0
2347,0
2348,1
2356,0
2359,0
2362,0
2363,0
2364,1
2367,0
2368,0
2375,0
2376,0
2379,0
2390,1
2397,0
2400,0
2402,0
2409,0
2410,0
2416,0
2421,0
2422,1
2423,0
2425,0
2427,0
2430,0
2432,0
2435,0
2440,1
2442,0
2443,1
2451,0
2459,1
2463,0
2464,0
2465,1
2467,1
2468,1
2470,1
2475,1
2476,1
2480,1
2485,0
2487,0
2497,1
2498,0
2499,1
2507,1
2517,1
2521,1
2528,0
2531,1
2534,1
2535,0
2536,1
2544,1
2561,0
2571,1
2573,0
2576,0
2579,0
2582,0
2585,1
2590,1
2592,1
2594,0
2599,0
2602,0
2609,1
2614,1
2621,0
2622,0
2627,1
2628,0
2637,1
2643,0
2647,1
2649,0
2655,0
2658,0
2663,0
2664,0
2666,0
2667,0
2668,0
2670,0
2677,0
2680,0
2684,0
2694,0
2711,1
2726,0
2730,0
2732,0
2740,0
2743,0
2753,0
2755,1
2758,0
2761,0
2768,0
2770,0
2774,0
2777,0
2780,0
2787,0
2795,0
2799,0
2802,0
2815,1
2820,1
2821,1
2832,0
2833,1
2835,0
2842,1
2843,0
2844,1
2851,1
2852,1
2853,0
2855,0
2856,0
2857,0
2861,0
2863,0
2866,1
2867,0
2870,0
2871,0
2872,1
2875,0
2888,0
2889,1
2895,1
2909,0
2910,0
2913,0
2916,0
2917,0
2921,0
2925,1
2927,0
2929,0
2931,0
2933,0
2936,0
2937,1
2939,0
2941,0
2942,0
2943,1
2946,0
2947,0
2948,0
2952,0
2954,1
2955,1
2956,0
2959,0
2960,0
2971,0
2973,1
2976,0
2980,0
2982,1
2987,0
2990,0
2991,1
2993,1
3003,0
3019,1
3023,0
3025,0
3027,0
3029,0
3037,0
3042,0
3047,1
3049,0
3053,1
3056,0
3057,0
3062,1
3066,1
3068,1
3071,0
3073,0
3075,1
3082,1
3085,0
3086,1
3089,0
3093,1
3097,0
3100,1
3101,0
3102,0
3106,1
3111,1
3118,1
3124,1
3136,1
3138,1
3140,1
3141,1
3150,1
3153,0
3157,0
3158,0
3159,0
3168,0
3171,0
3176,0
3193,0
3197,1
3201,0
3210,0
3227,0
3231,0
3241,0
3242,0
3245,0
3255,1
3266,1
3281,0
3284,0
3289,1
3295,0
3300,0
3338,0
3340,0
3342,0
3345,0
3356,0
3359,0
3361,0
3362,1
3367,1
3370,0
3380,0
3387,1
3388,0
3391,1
3395,1
3396,0
3398,1
3400,1
3402,0
3405,0
3410,0
3415,1
3423,0
3425,0
3428,0
3430,1
3431,1
3436,1
3437,1
3440,0
3447,0
3448,0
3455,0
3460,1
3466,0
3470,0
3478,1
3481,1
3484,0
3485,0
3487,0
3489,1
3492,0
3495,1
3498,1
3508,1
3509,1
3514,1
3517,0
3522,0
3523,0
3529,0
3534,0
3537,1
3543,0
3548,1
3549,1
3555,0
3565,0
3568,0
3573,0
3575,0
3578,0
3582,0
3592,1
3593,0
3595,0
3597,1
3598,1
3602,0
3607,0
3610,0
3627,1
3636,1
3641,0
3642,1
3643,0
3646,0
3652,1
3653,0
3659,1
3661,0
3664,0
3666,0
3667,1
3670,0
3675,1
3676,0
3679,0
3680,0
3683,0
3690,1
3718,1
3722,1
3724,1
3726,0
3729,0
3735,1
3738,1
3748,1
3750,1
3754,1
3761,1
3765,1
3766,0
3768,1
3774,0
3775,0
3778,0
3780,1
3785,0
3787,0
3797,0
3816,0
3821,0
3822,0
3827,0
3829,0
3836,0
3837,0
3841,0
3845,1
3848,1
3859,1
3862,1
3866,1
3875,1
3877,1
3892,1
3893,0
3895,0
3896,1
3897,1
3903,1
3905,1
3906,1
3913,1
3921,0
3922,0
3923,0
3926,1
3927,0
3932,0
3933,1
3935,0
3936,0
3937,1
3938,1
3947,1
3948,0
3950,0
3955,0
3959,0
3967,1
3968,0
3975,0
3979,1
3980,1
3984,0
3989,1
3990,1
3994,1
3996,1
4000,1
4003,0
4008,0
4014,0
4019,1
4024,0
4027,0
4034,0
4039,0
4043,0
4046,1
4049,1
4050,1
4058,1
4060,1
4068,0
4072,0
4076,0
4083,0
4084,1
4089,1
4094,0
4095,0
4098,1
4100,1
4101,0
4112,0
4114,1
4119,0
4123,1
4124,0
4127,0
4128,0
4132,1
4138,1
4150,0
4152,0
4154,0
4160,0
4163,0
4167,0
4171,0
4180,0
4181,0
4183,0
4198,0
4199,0
4202,1
4209,0
4211,1
4212,1
4214,0
4218,1
4219,0
4221,1
4237,0
4238,1
4241,1
4244,0
4247,0
4250,1
4251,1
4253,0
4260,0
4262,1
4265,0
4268,0
4272,1
4273,0
4276,1
4282,1
4284,1
4296,0
4300,1
4301,1
4307,1
4317,1
4318,1
4323,1
4329,1
4334,1
4335,1
4337,1
4349,1
4351,1
4352,0
4358,0
4362,1
4363,1
4365,0
4373,1
4378,1
4379,0
4382,0
4384,1
4385,0
4388,0
4391,0
4392,0
4401,0
4402,0
4403,0
4407,1
4408,0
4416,0
4423,0
4425,0
4428,0
4430,0
4438,0
4440,1
4445,0
4449,1
4455,0
4459,0
4464,0
4465,0
4471,0
4476,0
4478,0
4480,0
4486,0
4488,1
4507,1
4514,1
4515,0
4518,1
4520,0
4521,0
4526,0
4529,1
4530,0
4531,0
4537,1
4549,0
4550,0
4553,1
4556,0
4557,0
4562,1
4563,0
4564,1
4565,0
4569,1
4575,0
4577,1
4579,0
4580,0
4582,0
4595,1
4596,1
4599,0
4608,0
4614,1
4619,0
4624,0
4625,0
4627,0
4628,1
4632,1
4635,1
4639,0
4641,1
4642,0
4646,1
4655,1
4657,1
4658,1
4670,0
4672,0
4677,0
4684,0
4691,0
4692,1
4697,0
4698,0
4704,1
4706,1
4707,1
4709,0
4710,0
4713,1
4717,1
4720,1
4722,0
4730,0
4731,1
4732,0
4735,0
4742,1
4748,0
4760,1
4762,0
4766,1
4769,1
4770,0
4777,1
4782,0
4786,1
4787,1
4788,1
4789,0
4793,1
4797,0
4800,1
4803,0
4809,1
4814,1
4819,0
4823,0
4825,1
4826,1
4829,1
4831,0
4832,1
4834,1
4842,1
4847,0
4849,1
4852,1
4854,1
4858,0
4864,0
4869,1
4888,0
4889,1
4890,0
4892,0
4893,0
4894,0
4900,0
4905,0
4908,0
4912,0
4917,0
4922,0
4923,0
4924,1
4929,0
4931,1
4935,0
4936,0
4938,0
4945,0
4952,1
4953,0
4957,1
4958,0
4967,1
4969,0
4971,0
4982,0
4983,1
4988,1
4995,0
4996,0
4998,1
5001,1
5004,0
5005,1
5010,0
5013,1
5015,0
5017,1
5018,1
5019,1
5024,1
5028,0
5034,1
5035,1
5040,1
5046,1
5047,0
5050,1
5069,0
5073,1
5078,0
5082,1
5089,1
5095,0
5097,0
5099,1
5101,0
5104,1
5110,1
5114,0
5116,0
5117,1
5120,0
5125,1
5130,0
5134,0
5135,1
5136,1
5137,0
5138,1
5140,0
5142,1
5152,1
5153,0
5166,0
5171,0
5176,1
5178,0
5182,0
5184,0
5185,0
5186,0
5187,0
5189,1
5191,1
5192,0
5193,0
5194,0
5203,1
5213,0
5219,0
5227,0
5228,1
5230,0
5231,1
5232,0
5236,0
5242,0
5247,1
5257,1
5259,0
5265,0
5266,0
5274,0
5280,0
5281,0
5282,1
5287,0
5293,0
5297,0
5300,1
5301,0
5308,1
5309,0
5313,1
5317,0
5320,0
5321,1
5323,0
5324,1
5325,0
5337,0
5342,1
5344,0
5345,1
5349,0
5352,1
5355,0
5359,0
5362,1
5365,0
5366,1
5380,0
5383,0
5391,1
5392,1
5406,1
5412,0
5413,0
5416,0
5418,0
5426,0
5439,0
5446,1
5465,1
5468,0
5471,0
5475,0
5476,0
5479,0
5480,0
5482,0
5484,1
5491,1
5494,1
5496,0
5499,0
5506,0
5507,0
5510,1
5521,0
5522,1
5528,0
5531,1
5538,1
5545,0
5547,0
5552,1
5556,1
5561,0
5564,1
5576,0
5579,1
5580,1
5581,0
5586,1
5588,1
5605,1
5619,1
5620,0
5625,1
5627,0
5631,0
5632,0
5634,0
5642,0
5646,1
5650,1
5652,1
5657,1
5659,0
5663,1
5664,1
5669,0
5670,1
5672,1
5677,1
5680,1
5683,0
5688,1
5690,1
5692,1
5693,1
5703,1
5705,0
5707,1
5712,1
5714,0
5717,1
5719,0
5721,1
5727,0
5732,1
5741,1
5744,1
5745,1
5752,1
5757,1
5764,1
5771,0
5772,1
5776,1
5777,1
5780,1
5781,1
5783,1
5784,1
5798,0
5814,0
5815,0
5824,1
5835,0
5836,0
5840,0
5842,0
5847,1
5848,1
5849,0
5850,0
5855,1
5861,1
5863,0
5873,0
5874,0
5875,0
5876,1
5881,1
5882,0
5883,1
5885,1
5889,0
5890,0
5892,0
5893,0
5899,1
5902,0
5905,0
5907,1
5916,0
5920,0
5923,0
5925,0
5930,0
5933,1
5934,1
5935,0
5938,0
5944,1
5947,0
5950,1
5954,0
5956,0
5960,1
5962,1
5965,0
5966,0
5975,1
5979,0
5982,1
5983,1
5991,1
5998,0
6000,0
6001,0
6002,1
6012,0
6015,0
6022,0
6027,0
6030,0
6037,0
6047,1
6055,0
6057,1
6059,0
6064,1
6074,0
6075,0
6076,0
6084,0
6085,0
6088,0
6090,0
6093,0
6098,0
6103,0
6104,0
6106,0
6120,0
6123,1
6135,1
6140,0
6150,1
6160,1
6165,1
6169,1
6170,1
6171,1
6188,1
6192,1
6195,0
6196,0
6198,0
6199,1
6222,1
6234,1
6240,1
6241,0
6248,1
6255,1
6256,1
6259,1
6263,0
6267,1
6273,0
6276,1
6282,0
6293,1
6297,0
6299,1
6302,0
6303,1
6304,0
6305,0
6306,0
6311,0
6318,0
6323,0
6325,0
6326,0
6330,0
6334,1
6335,1
6338,1
6342,1
6343,0
6348,1
6354,0
6355,0
6356,1
6362,1
6363,0
6366,1
6376,1
6380,1
6384,0
6387,0
6388,0
6389,0
6391,0
6392,0
6393,0
6394,0
6396,0
6398,0
6415,0
6423,1
6429,0
6441,0
6446,0
6454,1
6458,1
6459,0
6461,0
6464,1
6465,0
6466,1
6469,1
6474,0
6491,0
6492,0
6495,0
6499,0
6500,1
6501,1
6512,1
6513,0
6516,1
6519,1
6527,0
6530,0
6540,0
6541,0
6554,0
6555,0
6556,0
6561,0
6569,0
6576,0
6583,1
6591,0
6593,0
6601,0
6603,0
6605,0
6608,0
6617,0
6624,0
6625,1
6628,0
6631,0
6637,0
6643,0
6646,0
6647,0
6655,0
6656,0
6658,1
6664,0
6681,0
6686,1
6687,0
6699,0
6708,0
6709,0
6711,0
6712,0
6716,0
6721,0
6725,1
6729,0
6734,0
6735,0
6736,0
6748,0
6756,0
6757,1
6760,0
6764,1
6767,0
6772,0
6773,1
6785,0
6788,1
6796,0
6800,0
6801,0
6806,0
6807,0
6808,0
6811,0
6814,0
6817,0
6821,0
6824,0
6828,0
6830,0
6834,0
6837,0
6839,0
6841,0
6843,0
6845,0
6848,0
6854,1
6861,1
6862,1
6863,0
6872,1
6878,1
6880,1
6882,1
6890,1
6893,1
6897,1
6903,1
6908,0
6909,1
6912,0
6913,0
6917,0
6918,1
6930,0
6932,1
6937,0
6940,0
6943,0
6951,0
6954,0
6959,1
6961,0
6963,0
6965,0
6966,1
6970,0
6980,0
6988,1
6990,0
6992,1
7001,0
7013,0
7018,0
7023,0
7025,0
7027,0
7047,0
7050,0
7052,0
7060,0
7065,0
7075,0
7080,0
7081,0
7088,0
7089,0
7091,1
7095,0
7098,1
7105,0
7114,1
7122,1
7132,1
7138,0
7146,0
7155,0
7165,0
7171,0
7174,0
7175,0
7178,0
7188,0
7191,1
7195,0
7199,1
7201,1
7202,1
7205,1
7215,1
7223,1
7226,0
7227,0
7231,1
7242,0
7250,1
7251,1
7252,1
7255,0
7256,0
7264,0
7266,1
7272,1
7277,1
7281,1
7283,1
7288,1
7295,0
7296,1
7306,1
7309,0
7311,0
7312,0
7318,1
7323,1
7324,0
7325,1
7329,1
7332,0
7337,1
7340,1
7344,1
7357,0
7360,0
7377,0
7378,0
7381,1
7386,1
7390,0
7391,0
7393,1
7395,0
7397,0
7407,0
7412,0
7419,0
7430,0
7431,0
7433,0
7437,0
7438,0
7443,0
7451,0
7452,1
7453,0
7461,0
7467,0
7470,0
7478,0
7479,1
7482,1
7488,0
7490,1
7493,0
7504,0
7505,0
7514,1
7517,1
7519,0
7523,1
7526,1
7530,0
7540,1
7544,1
7545,1
7554,1
7556,0
7557,1
7560,1
7563,1
7566,1
7568,0
7569,1
7571,0
7578,1
7581,1
7584,1
7589,1
7594,1
7595,0
7601,0
7604,0
7613,1
7616,1
7626,1
7627,0
7631,1
7634,0
7638,1
7640,0
7641,1
7643,1
7647,0
7649,1
7650,0
7662,0
7669,0
7670,1
7672,0
7681,0
7687,0
7691,0
7693,0
7694,0
7695,0
7702,0
7707,0
7715,0
7719,0
7727,0
7736,0
7737,0
7739,0
7742,0
7748,1
7750,1
7756,1
7759,1
7763,0
7764,0
7766,1
7771,0
7772,1
7773,0
7788,0
7793,1
7801,1
7802,1
7813,0
7815,0
7818,0
7828,0
7833,0
7843,0
7844,0
7854,1
7857,0
7861,0
7864,0
7865,0
7880,1
7882,1
7883,1
7887,1
7888,1
7894,1
7895,1
7897,0
7898,1
7903,1
7906,0
7910,1
7912,0
7926,0
7935,0
7940,1
7943,0
7945,0
7955,1
7959,0
7962,1
7963,1
7965,1
7970,1
7973,1
7980,0
7984,0
7990,1
7996,1
8006,1
8009,1
8012,1
8013,1
8016,1
8017,1
8020,1
8024,1
8025,1
8030,1
8037,1
8038,0
8039,1
8040,1
8043,0
8044,1
8049,1
8055,1
8057,0
8058,1
8062,0
8067,0
8069,0
8085,1
8087,0
8098,0
8102,0
8106,1
8112,0
8116,0
8120,0
8121,0
8122,1
8128,1
8133,1
8138,1
8142,1
8146,1
8150,1
8154,0
8164,1
8170,1
8171,1
8172,1
8177,1
8180,1
8181,0
8182,1
8183,1
8190,1
8196,0
8203,0
8210,0
8214,0
8217,0
8219,0
8221,0
8226,0
8231,0
8239,1
8245,0
8246,0
8247,0
8252,0
8256,1
8258,0
8261,1
8262,1
8266,0
8267,0
8270,0
8271,0
8274,1
8279,0
8280,0
8284,0
8289,1
8291,0
8294,0
8320,0
8329,0
8335,0
8355,0
8356,0
8361,0
8362,0
8364,0
8365,0
8366,0
8377,0
8385,0
8386,0
8387,0
8394,1
8396,0
8400,1
8402,1
8405,1
8406,1
8414,0
8418,1
8423,1
8425,0
8431,1
8434,0
8444,0
8446,0
8448,0
8451,0
8472,0
8480,0
8486,0
8489,0
8490,0
8496,0
8497,0
8498,0
8502,0
8505,0
8510,1
8512,0
8517,0
8524,0
8530,0
8531,0
8536,0
8539,0
8540,0
8542,0
8545,1
8546,0
8547,1
8551,0
8553,0
8556,0
8561,0
8562,0
8570,0
8574,0
8582,0
8589,0
8591,0
8598,0
8609,1
8615,0
8620,0
8621,0
8623,1
8625,0
8631,1
8633,1
8637,1
8638,1
8640,0
8648,0
8661,1
8664,1
8667,1
8668,0
8670,0
8677,0
8680,1
8688,0
8690,0
8692,0
8697,1
8700,0
8706,0
8712,0
8714,0
8733,0
8738,0
8742,0
8744,0
8746,0
8750,0
8757,0
8768,0
8770,0
8778,0
8781,0
8783,0
8784,0
8790,0
8793,0
8795,0
8797,0
8800,0
8802,0
8810,0
8812,0
8817,0
8829,0
8837,1
8838,0
8842,0
8843,0
8844,0
8850,0
8851,0
8855,0
8857,0
8860,0
8864,0
8875,0
8892,0
8896,0
8900,0
8903,0
8905,1
8907,1
8913,0
8914,0
8921,1
8933,1
8936,0
8941,1
8942,0
8947,0
8952,0
8957,0
8963,1
8965,0
8966,1
8969,0
8971,0
8972,1
8974,0
8980,0
8983,0
8992,0
8993,0
8994,1
8998,0
9000,0
9002,0
9006,0
9008,0
9009,0
9020,1
9025,0
9028,0
9033,1
9041,1
9042,1
9044,0
9052,1
9053,1
9054,1
9057,1
9077,0
9079,1
9084,1
9088,1
9090,1
9094,1
9095,1
9099,1
9103,1
9107,1
9109,1
9112,1
9113,1
9116,1
9118,1
9124,1
9132,1
9134,1
9139,1
9142,1
9143,1
9148,1
9149,1
9151,1
9159,1
9161,1
9169,1
9171,1
9179,1
9180,1
9185,1
9192,1
9193,1
9203,1
9212,1
9219,1
9221,1
9223,1
9225,1
9231,1
9238,1
9255,0
9271,0
9273,0
9277,0
9280,0
9283,0
9292,0
9298,0
9301,0
9309,0
9320,0
9321,0
9330,0
9338,0
9341,1
9343,0
9346,0
9347,0
9350,1
9360,0
9363,0
9365,0
9367,1
9368,0
9374,0
9378,0
9403,1
9414,0
9418,0
9430,1
9434,1
9435,0
9441,1
9445,0
9446,1
9451,1
9452,1
9460,1
9468,0
9470,1
9471,1
9472,1
9474,0
9481,1
9484,1
9486,0
9492,1
9493,0
9495,0
9507,0
9508,0
9519,0
9520,0
9525,1
9529,1
9538,1
9539,1
9542,0
9553,0
9556,0
9559,0
9562,0
9564,0
9565,0
9572,0
9574,0
9575,0
9577,0
9585,1
9586,0
9591,0
9597,0
9607,0
9609,0
9613,1
9620,0
9632,0
9638,1
9645,1
9646,1
9651,0
9653,0
9663,1
9664,0
9666,1
9667,1
9670,1
9680,0
9703,0
9705,0
9708,1
9709,0
9722,0
9724,0
9728,1
9733,0
9738,0
9739,0
9744,0
9746,0
9750,0
9752,0
9754,0
9759,1
9762,0
9770,1
9772,1
9780,0
9782,0
9787,0
9788,1
9790,1
9791,0
9800,1
9806,1
9813,0
9815,0
9818,0
9831,0
9835,0
9849,0
9854,1
9857,0
9858,0
9859,1
9864,0
9865,0
9866,0
9868,0
9874,0
9880,0
9881,0
9884,0
9885,0
9888,0
9894,0
9896,0
9898,0
9905,0
9906,0
9909,0
9910,0
9915,0
9918,0
9925,0
9937,0
9943,0
9944,0
9946,0
9949,0
9953,0
9960,0
9963,1
9967,0
9971,0
9973,1
9974,0
9976,1
9984,0
9985,1
9987,0
9990,0
9991,0
9992,0
9994,0
10000,0
10001,1
10005,0
10008,0
10009,1
10023,0
10027,0
10036,0
10041,0
10042,0
10049,0
10050,0
10052,0
10057,0
10060,1
10064,1
10066,1
10069,1
10072,0
10073,1
10075,1
10081,1
10082,1
10087,1
10088,1
10091,0
10093,1
10099,1
10100,1
10105,1
10109,1
10110,1
10113,1
10115,1
10119,1
10120,1
10130,1
10139,1
10141,1
10147,1
10149,1
10150,1
10153,1
10156,1
10157,0
10168,1
10171,1
10172,1
10173,1
10174,1
10176,1
10182,1
10201,1
10202,1
10207,1
10209,1
10212,1
10214,1
10224,0
10236,0
10244,0
10245,0
10249,0
10251,0
10256,0
10258,1
10260,0
10270,0
10275,0
10284,0
10291,0
10294,0
10295,0
10301,0
10302,0
10304,1
10305,1
10314,0
10321,0
10325,0
10327,0
10329,0
10330,0
10332,0
10334,1
10335,0
10337,1
10338,0
10342,1
10352,0
10361,1
10365,0
10376,1
10385,0
10394,0
10395,0
10396,0
10398,0
10399,0
10402,1
10407,0
10409,0
10414,1
10415,0
10416,1
10420,0
10424,0
10427,0
10429,1
10430,0
10433,0
10439,1
10444,1
10456,1
10457,1
10462,1
10478,1
10484,1
10486,1
10489,1
10500,1
10503,0
10511,0
10518,0
10521,1
10523,0
10525,0
10527,0
10534,1
10544,0
10546,0
10552,1
10554,0
10559,0
10561,1
10565,0
10567,1
10568,1
10578,1
10582,0
10583,1
10590,1
10599,1
10603,1
10606,1
10609,0
10622,1
10636,0
10648,0
10655,0
10663,0
10669,0
10671,0
10676,1
10678,0
10681,0
10684,0
10686,0
10688,0
10689,0
10693,0
10704,0
10705,0
10709,0
10721,1
10724,0
10726,0
10727,0
10736,1
10739,1
10743,1
10744,1
10746,0
10747,1
10754,1
10759,1
10763,1
10766,1
10767,1
10768,1
10769,1
10770,1
10772,1
10774,1
10779,1
10782,1
10783,1
10786,0
10787,0
10793,0
10795,0
10814,0
10815,0
10825,0
10826,0
10829,0
10832,0
10833,1
10834,0
10837,1
10839,1
10840,1
10841,1
10842,1
10846,0
10849,0
10850,1
10852,1
10859,1
10862,1
10870,1
